Date,AAPL,ADBE,AMZN,BAC,CMCSA,COST,CSCO,DIS,FB,GOOG,HD,INTC,JNJ,JPM,KO,MA,MRK,MSFT,NFLX,ORCL,PEP,PFE,PG,T,UNH,V,VZ,WMT,XOM
01/05/2010,31.854618,32.080002,125.459999,14.063376,7.501963,45.258965,17.760103,29.10981,NaN,241.908264,26.743839,15.771031,43.187984,30.461258,17.671602,17.23712,23.830647,20.34655,15.878572,19.78261,46.484024,10.529659,44.992683,14.04559,24.816116,14.996938,16.155346,39.496372,43.423187
01/06/2010,31.191195,26.43,109.260002,12.839308,7.20338,42.748058,16.341442,27.437429,NaN,221.644226,22.170681,14.421573,44.150616,28.175516,17.231533,17.045752,24.736057,18.228165,15.521428,18.809698,45.050098,9.962924,44.175175,13.982006,24.244165,14.730543,16.44886,37.769035,41.266808
01/07/2010,31.900509,28.719999,117.889999,12.552589,8.07425,44.213795,17.691092,29.344988,NaN,241.51973,22.676434,15.274263,43.42548,30.999989,19.270439,17.943613,24.645592,20.446281,14.65,20.720467,48.346817,10.479938,45.044235,14.993522,26.103277,15.271873,18.189131,40.22044,43.154064
01/08/2010,30.145821,27.700001,124.830002,11.139979,7.12959,44.050072,15.329213,28.3433,NaN,224.169754,22.127617,13.101756,42.625599,28.021381,19.539688,17.074158,25.146233,18.592569,17.931429,19.183809,47.803104,11.115719,44.290646,15.897083,27.191977,14.362017,18.819233,39.395447,42.741909
01/09/2010,35.186657,26.15,157.059998,11.712176,7.538185,50.462383,16.793879,28.831081,NaN,261.9133,25.412298,14.344803,46.755329,29.331512,20.462824,19.28116,26.326302,19.504093,23.165714,23.584494,49.486423,12.129653,44.513332,16.820438,30.098061,15.564734,20.769354,42.29615,44.999504
01/10/2010,37.32328,28.15,165.229996,10.245199,8.601369,49.116497,17.530048,31.470297,NaN,305.704132,24.786615,14.97986,48.098534,29.000128,21.76926,20.663555,26.240782,21.240265,24.795713,25.806793,49.365959,12.306262,47.185471,16.773388,31.017849,16.382162,20.699255,42.809834,48.422348
01/11/2010,38.584427,27.799999,175.399994,9.797813,8.400159,53.074596,14.692729,31.801287,NaN,276.817413,24.23313,15.80917,46.445953,28.860056,22.426027,20.540718,24.91103,20.117329,29.414286,23.803864,48.859447,11.515043,45.678158,16.581249,31.422239,15.478795,20.700331,42.746613,50.658127
01/12/2010,39.999332,30.780001,180,11.936332,9.209155,56.685658,15.513251,32.672321,NaN,295.875977,28.341749,15.835046,47.073978,32.733776,23.674019,19.421095,26.045647,22.364389,25.1,27.543835,49.388649,12.49773,48.116524,17.529942,31.069481,14.870474,23.138327,42.620167,53.58604
01/01/2011,42.077667,33.049999,169.639999,12.296522,9.536109,56.395195,16.218748,34.227242,NaN,299.059052,29.724085,16.158823,45.490891,34.67836,22.622959,20.495655,24.227335,22.220154,30.582857,28.186239,48.981312,13.004491,47.218964,16.420155,35.436321,14.758492,23.034863,44.556042,59.126392
01/02/2011,43.80011,34.5,173.289993,12.798056,10.844704,58.710983,14.232622,38.515556,NaN,305.554718,30.289948,16.166359,46.761925,36.070141,23.008099,20.983299,23.789099,21.298653,29.524286,28.998333,48.303444,13.732521,47.508579,17.179688,36.757103,15.43462,24.188578,41.305927,62.680714
01/03/2011,43.217266,33.16,180.130005,11.938285,10.406877,57.715195,13.151373,37.943199,NaN,292.284454,29.958519,15.323672,45.502937,35.614349,23.879183,21.956755,24.110477,20.465359,33.968571,29.465483,49.057484,14.648658,46.415997,18.529608,39.018803,15.681221,25.24995,41.361538,61.97963
01/04/2011,43.418163,33.549999,195.809998,11.00581,11.034145,63.67403,13.482165,37.952,NaN,271.034088,30.236284,17.578934,50.471798,35.251266,24.637045,24.065033,26.56468,20.892557,33.238571,31.695446,52.871132,15.12468,48.902573,18.838337,42.619991,16.639736,24.752016,43.996094,64.81601
01/05/2011,43.132942,34.630001,196.690002,10.530805,10.673631,64.925652,12.928101,36.657589,NaN,263.522247,29.528196,17.092953,51.677513,33.586018,24.399656,25.182144,27.155821,20.159058,38.685715,30.215853,54.582596,15.470883,50.903606,19.37608,42.377575,17.265959,24.506409,44.188156,61.493423
01/06/2011,41.625027,31.450001,204.490005,9.822777,10.71592,64.136742,12.012361,34.376938,NaN,252.244522,29.479355,16.959318,51.529251,31.79954,24.574959,26.435766,26.076975,21.09441,37.527142,29.059132,54.05304,15.001656,48.297649,19.283981,44.654449,18.08217,24.705488,42.805054,60.293724
01/07/2011,48.421799,27.709999,222.520004,8.709893,10.157708,61.776218,12.289392,34.007111,NaN,300.717834,28.643126,17.089418,50.18911,31.418932,25.200167,26.603329,25.493082,22.230259,37.998573,27.00177,49.507393,14.018537,46.717358,17.964003,43.108112,18.356867,23.418125,42.458683,59.115723
01/08/2011,47.721169,25.24,215.229996,7.328507,9.137014,62.005161,12.104324,29.991772,NaN,269.469971,27.372099,15.405735,50.971512,29.353411,26.104271,29.062561,24.723734,21.581202,33.572857,24.829363,49.80888,13.82191,48.777573,17.726109,41.275391,18.85902,24.315514,42.845329,54.840767
01/09/2011,47.285904,24.17,216.229996,5.496421,8.886392,65.045242,11.97301,26.557594,NaN,256.55835,27.153612,16.491201,49.776558,23.539001,25.033426,27.956331,24.424959,20.321293,16.181429,25.422012,48.238064,13.018742,48.394585,17.751005,40.059357,18.524988,24.739031,42.108654,54.166279
01/10/2011,50.195084,29.41,213.509995,6.134079,9.961086,65.932259,14.313538,30.713825,NaN,295.21347,29.574062,18.964113,50.323631,27.165194,25.662727,30.607763,26.079145,21.741907,11.725715,28.986755,49.05632,14.182179,49.015026,18.242701,41.82769,20.154463,24.860033,46.019321,58.238262
01/11/2011,47.395027,27.42,192.289993,4.885708,9.682055,67.555824,14.455607,31.567965,NaN,298.575867,32.399296,19.250048,50.581543,24.41634,25.253305,33.176777,27.024036,20.88464,9.218572,27.786135,49.87458,14.778627,49.86253,18.31551,42.507545,20.956228,25.717489,47.788044,59.99086
01/12/2011,50.222366,28.27,173.100006,5.00333,10.126226,66.176399,14.021317,33.020885,NaN,321.744019,35.000996,18.906477,51.729324,26.213858,26.667152,33.02354,28.498074,21.354488,9.898571,22.73411,52.127602,16.095093,51.515083,19.11183,44.172268,22.145481,27.346556,48.48579,63.589283
01/01/2012,56.606174,30.950001,194.440002,6.41614,11.406052,65.342461,15.238879,34.828869,NaN,288.971863,36.957508,20.598314,51.989628,29.406826,25.737213,31.495577,29.276199,24.291142,17.171429,25.003084,51.593376,15.916595,48.681026,18.587271,45.292336,21.951355,25.669781,50.095016,62.824066
01/02/2012,67.265724,32.889999,179.690002,7.172039,12.620464,68.352646,15.468578,37.595486,NaN,307.970642,39.605068,20.956951,51.33493,31.158987,26.625221,37.359943,29.199696,26.109074,15.818571,25.98275,49.448547,15.715773,52.634846,19.616966,48.755508,25.382341,26.314392,48.233601,64.894669
01/03/2012,74.347702,34.310001,202.509995,8.622465,12.877937,72.322639,16.456764,39.198147,NaN,319.422729,41.886295,22.098909,52.488655,36.510963,28.206879,37.407978,29.375643,26.711521,16.434286,25.902805,52.555046,17.021286,52.315712,20.027384,51.54528,25.935928,26.397243,49.964386,65.423378
01/04/2012,72.416931,33.549999,231.899994,7.307022,13.02384,70.235794,15.686451,38.598274,NaN,301.295685,43.38398,22.318956,51.804291,34.128788,29.516462,40.230434,30.352842,26.512798,11.448571,26.115995,52.277813,17.209154,49.536846,21.10475,49.248875,27.030514,27.88179,48.416317,65.129189
01/05/2012,71.641876,31.049999,212.910004,6.622269,12.473657,68.810043,12.754485,40.926159,29.6,289.345459,41.331638,20.307108,49.679596,26.495461,28.901531,36.409348,29.068796,24.169538,9.062857,23.561102,53.743187,16.435125,48.896164,22.222492,48.915577,25.320499,29.131218,54.095436,59.313286
01/06/2012,72.419403,32.369999,228.350006,7.380008,13.79394,75.918327,13.410566,43.424168,31.1,288.951935,44.651115,21.095488,54.285236,28.557552,30.239677,38.523087,32.294357,25.494946,9.784286,26.436152,56.406666,17.455595,48.079796,23.191517,51.310059,27.380009,31.090078,57.689072,64.993042
01/07/2012,75.737808,30.879999,233.300003,6.62216,14.118324,76.861305,12.457688,43.997189,21.709999,315.303162,43.968594,20.343487,55.619072,28.773352,31.678753,39.101692,34.53968,24.561493,8.121428,26.881199,58.059124,18.244888,50.662373,24.661304,44.976017,28.584789,31.579796,61.586288,65.965225
01/08/2012,82.493645,31.27,248.270004,7.208592,14.543397,78.211876,14.972123,44.29266,18.059999,341.265839,47.81942,19.654819,54.18079,29.932011,29.326384,38.136318,33.663879,25.686636,8.531428,28.230164,57.819622,18.108278,53.200069,24.12562,47.801872,28.403185,30.379061,60.072067,66.307022
01/09/2012,83.079475,32.439999,254.320007,7.966443,15.501969,80.272346,14.987817,46.808563,21.66,375.841248,51.131409,18.094233,55.873138,32.623798,29.741968,40.713596,35.266914,24.967503,7.777143,28.060694,56.49448,19.033813,54.918221,24.82358,48.77903,29.941484,32.239723,61.394863,69.910431
01/10/2012,74.140106,34.029999,232.889999,8.419042,16.278366,78.885841,13.457646,43.979282,21.110001,338.879791,51.986847,17.271765,57.421783,33.590912,29.352037,41.565781,36.021103,23.943966,11.32,27.721752,55.686466,19.049135,54.823212,22.775799,49.497646,30.940426,31.581778,62.409771,69.696419
01/11/2012,72.889748,34.610001,252.050003,8.906844,16.209156,83.285751,14.94864,44.462772,28,347.881042,55.11216,15.626832,56.537994,33.351875,29.936245,44.630096,34.971165,22.333174,11.672857,28.759188,56.466572,19.164028,55.744427,22.733809,48.074577,33.382034,31.557781,59.914051,67.380089
01/12/2012,66.578217,37.68,250.869995,10.487673,16.278873,79.354317,15.648562,44.579163,26.620001,352.369232,52.620876,16.634935,57.340614,35.698185,28.814198,44.867546,32.318733,22.592806,13.227143,29.778004,55.035004,19.382547,54.195732,22.454048,47.942013,34.115139,30.949793,56.761124,66.578835
01/01/2013,56.985012,37.830002,265.5,10.236035,16.666037,88.074852,16.38122,48.981926,30.98,376.434021,56.934349,16.973772,60.465313,38.198765,29.60113,47.344364,34.46978,23.218744,23.605715,31.912828,59.043663,21.082771,59.999283,23.173435,48.993435,35.539783,31.193001,58.514523,69.209679
01/02/2013,55.22226,39.310001,264.269989,10.154652,17.414434,87.171227,16.612167,49.62738,27.25,399.104065,58.278591,16.844685,62.256718,39.989815,30.777542,47.570683,34.055347,23.514791,26.868572,30.771477,61.410267,21.337202,61.306583,24.227526,47.431606,35.704075,33.669582,59.208817,68.886566
01/03/2013,55.702641,43.52,266.48999,11.023591,18.372906,91.563118,16.644016,51.636471,25.58,395.612152,59.367599,17.808521,67.223625,38.796337,32.144718,49.712109,35.226917,24.400293,27.040001,29.054958,64.575859,22.498777,62.014771,24.753767,50.768227,38.549313,35.565445,62.596741,69.760208
01/04/2013,55.717735,45.080002,253.809998,11.141248,18.075296,93.565056,16.659948,57.127399,27.77,410.745422,62.748009,19.529034,70.274376,40.063396,33.890606,50.796135,37.819553,28.22963,30.867144,29.459377,67.31855,22.662498,61.78138,25.273268,53.388885,38.236088,39.009823,65.433693,68.89315
01/05/2013,56.592308,42.91,269.200012,12.363073,17.66279,94.60054,19.363588,57.345581,24.35,433.983337,67.290512,19.798113,69.408607,44.903797,32.017139,52.982342,37.578152,29.764772,32.32143,30.358076,65.930862,21.228058,62.226799,23.88958,55.794182,40.433201,35.448986,63.008984,70.038895
01/06/2013,50.228096,45.560001,277.690002,11.639028,18.357517,95.677956,19.540201,57.409218,24.879999,438.541229,66.272499,19.943462,71.325996,43.423183,32.113205,53.377209,37.37698,29.664309,30.155714,27.59907,66.763481,22.018162,62.413269,24.169514,58.333122,41.785439,36.809044,63.090469,70.429863
01/07/2013,57.321556,47.279999,301.220001,13.223724,19.821722,101.605339,20.543703,58.772854,36.799999,442.217468,67.942078,19.210911,77.672707,45.841522,32.310997,56.732212,39.117001,27.345446,34.925713,29.072939,68.669792,22.977184,65.096573,24.080751,65.47139,40.472996,36.180191,66.01252,73.080261
01/08/2013,61.715725,45.75,280.980011,12.788973,18.593863,96.802856,18.844936,55.300121,41.290001,421.868744,64.03907,18.091511,71.78289,41.867287,30.779278,56.8937,38.402378,28.685232,40.558571,28.742002,65.537987,22.356218,63.615456,23.391365,64.473839,39.880798,34.995983,61.811565,67.943207
01/09/2013,60.788208,51.939999,312.640015,12.499139,19.932411,99.917587,18.941948,58.627392,50.23,436.31958,65.208252,19.049805,72.558067,42.828419,30.537434,63.15493,38.662247,28.783575,44.172855,29.923792,65.348907,22.768311,61.73695,23.384447,64.356987,44.018837,34.47155,63.02198,67.533699
01/10/2013,66.647102,54.220001,364.029999,12.662001,21.120039,102.37281,18.2386,62.354687,50.209999,513.365784,67.314468,20.338078,77.513016,42.704144,32.13184,67.315315,36.945869,30.625797,46.068573,30.2215,69.614929,24.321604,65.951317,25.030071,61.577332,45.301853,37.307873,65.399345,70.343697
01/11/2013,70.901947,56.779999,393.619995,14.33878,22.12723,108.818817,17.305092,64.127411,47.009998,527.816589,69.71698,19.814463,79.228813,47.759655,32.635292,72.06057,40.829731,32.978317,52.257141,31.951674,69.921234,25.145794,69.322723,24.672091,67.188385,46.865891,37.065907,69.029327,73.373444
01/12/2013,71.950768,59.880001,398.790009,14.112189,23.059,103.519783,18.266043,69.454697,54.650002,558.262512,71.160271,21.778467,77.194458,48.811333,33.779758,79.131096,41.009987,32.600952,52.595715,34.640705,68.662872,24.461975,67.00975,24.63706,67.928108,51.710411,36.707352,67.052475,79.97345
01/01/2014,64.201897,59.189999,358.690002,15.191483,24.250679,97.727135,17.842569,66.824158,62.57,588.279968,66.741982,20.587196,74.564835,46.207176,30.925936,71.680763,43.796253,32.975685,58.475716,33.40937,66.980995,24.278292,63.067036,23.34774,65.452324,50.026825,35.870712,64.005928,72.829567
01/02/2014,67.490189,68.629997,362.100006,14.991953,23.021441,101.588905,17.888569,74.37075,68.459999,605.555237,71.240654,20.771759,77.641144,47.735973,31.23667,74.605659,47.120045,33.385273,63.66143,35.522968,66.739288,25.643948,65.235603,22.672159,69.970963,52.467442,35.928291,64.023079,76.077477
01/03/2014,69.248878,65.739998,336.369995,15.599612,22.286573,97.39827,18.397324,73.68972,60.240002,555.445007,68.722099,21.859102,83.386559,51.004055,31.612814,71.706673,46.938137,35.988625,50.290001,37.157879,69.598221,25.865837,66.844513,24.901735,74.245102,50.490025,35.920746,65.505806,77.738464
01/04/2014,76.131958,61.689999,304.130005,13.739499,23.157755,100.886757,18.963526,73.017899,59.779999,525.218018,69.449303,22.604401,85.984161,47.030254,33.618816,70.602768,48.796066,35.470604,46.005714,37.13063,72.096825,25.189396,68.461708,25.349079,68.197121,47.390831,35.286438,68.757721,81.502838
01/05/2014,81.668098,64.540001,312.549988,13.739499,23.354614,101.183266,20.375267,77.315765,63.299999,558.357056,70.078224,23.137962,86.128479,46.980053,33.717724,73.498566,48.21278,35.944717,59.689999,38.279861,74.144974,23.86067,67.537048,25.516491,72.368553,50.249107,38.145599,66.22168,80.006638
01/06/2014,84.395966,72.360001,324.779999,13.948222,24.016775,100.740799,20.565617,78.907913,67.290001,573.704895,70.715828,26.394821,89.429932,48.713165,34.9128,70.633606,48.204437,36.870274,62.942856,36.922474,74.992783,24.113972,65.697929,25.437359,74.29525,49.660133,37.359161,65.156197,80.670013
01/07/2014,86.820778,69.25,312.98999,13.84823,24.139482,102.822777,20.880096,79.036758,72.650002,570.034973,71.032715,28.948881,85.557663,48.755451,32.626064,71.287361,47.635914,38.161182,60.388573,36.794926,74.505096,23.317755,64.636276,25.602816,74.005241,49.730824,38.496822,63.862957,79.275826
01/08/2014,93.087128,71.900002,339.040009,14.611015,24.584263,106.240608,20.839352,82.71801,74.82,570.034973,82.14669,29.828707,88.669167,50.611645,34.643921,72.987892,50.465199,40.168255,68.234283,37.943604,78.217644,24.089025,70.031151,25.474937,79.145882,50.0867,38.448315,65.529396,79.692497
01/09/2014,91.95295,69.190002,322.440002,15.482771,24.161949,109.960976,20.989452,81.935745,79.040001,575.779175,80.600403,29.941137,91.730186,51.284199,35.42448,71.168243,49.768368,41.246563,64.454285,34.97427,78.72509,24.236559,70.561996,25.678972,78.753242,50.672558,38.579498,66.808556,75.882668
01/10/2014,98.569885,70.120003,305.459991,15.630701,24.970892,117.024399,20.561235,84.098503,74.989998,557.549255,86.111427,29.244635,92.75428,51.488522,35.030128,80.632301,48.998203,41.771484,56.110001,35.677773,81.909927,24.548021,73.536491,25.387495,87.120758,57.336433,38.780151,66.633827,78.028847
01/11/2014,108.54554,73.68,338.640015,15.521393,25.733328,124.702019,23.224869,85.138458,77.699997,540.346497,87.771484,32.030663,93.158783,51.561157,37.497646,84.164787,51.078556,42.536636,49.512856,38.867546,85.257172,25.531578,76.783272,26.121086,90.440155,61.316723,39.47963,76.479935,73.050674
01/12/2014,101.178932,72.699997,310.350006,16.295637,26.170935,124.70034,23.37612,86.684593,78.019997,524.95874,92.689873,31.409779,90.577896,53.635265,35.558628,83.075256,48.025677,41.587284,48.80143,41.213707,80.538658,25.752708,77.343658,24.79952,92.695885,62.751484,36.506367,75.029678,75.13028
01/01/2015,107.393768,70.129997,354.529999,13.84018,23.978378,125.791245,22.15774,84.77594,75.910004,533.056519,92.644577,28.596827,86.740662,46.607315,34.674278,79.093102,51.362419,36.17065,63.114285,38.390984,80.398865,25.835377,71.569855,24.304863,97.794792,61.006798,35.671349,74.658157,71.042595
01/02/2015,117.751808,79.099998,380.160004,14.443121,26.894526,129.283676,24.966675,97.003952,78.970001,556.871094,101.809654,28.778593,88.793541,52.85894,36.468235,87.07077,49.879833,39.259472,67.844284,40.268784,84.856926,28.373449,72.79686,25.877657,104.587502,64.931747,39.046524,73.735695,71.952782
01/03/2015,114.507881,73.940002,372.100006,14.059431,25.576521,138.023743,23.291513,97.758888,82.220001,546.499573,100.798195,27.258987,87.749092,52.255142,34.152115,83.45771,48.976643,36.662495,59.527142,39.653065,81.976349,29.015741,70.069023,24.447504,108.876656,63.075241,38.39904,72.259735,69.595909
01/04/2015,115.170479,76.059998,421.779999,14.59825,26.278229,130.325378,24.578041,101.328491,78.769997,537.340027,95.404282,28.374804,86.527924,54.566849,34.443993,87.148048,51.159603,43.857941,79.5,40.084984,82.094131,28.29847,67.991066,25.937561,102.878006,63.692398,39.828247,68.98175,71.536407
01/05/2015,119.891411,79.089996,429.230011,15.120597,26.596701,130.261688,24.987242,102.866318,79.190002,532.109985,99.363846,30.039801,87.347847,57.117687,34.78368,89.292053,52.302017,42.252941,89.151428,40.105618,83.224747,28.98238,67.572433,26.23452,111.014038,66.228523,39.47934,65.640892,69.759659
01/06/2015,115.910301,81.010002,434.089996,15.597126,27.361031,123.382713,23.410089,106.380013,85.769997,520.51001,99.105225,26.709776,85.630119,58.836956,33.314541,90.472816,48.900536,40.0681,93.848572,37.163857,80.557907,28.196251,67.44313,26.978874,112.667107,64.866447,37.21949,63.084606,68.685532
01/07/2015,112.09375,81.989998,536.150024,16.434378,28.510103,132.737366,24.228512,111.841606,94.010002,625.609985,104.921158,25.419064,88.04631,59.50555,35.173382,94.266716,51.029446,42.382339,114.309998,36.831871,83.768829,30.323799,66.115646,26.386435,112.587868,72.777939,37.363232,64.018486,65.391632
01/08/2015,104.349785,78.57,512.890015,15.110799,25.732641,127.941269,22.233145,95.505775,89.730003,637.609985,104.410133,25.059071,82.572525,56.022709,33.666447,91.178825,46.606777,39.496338,115.029999,34.331257,81.377899,27.969206,61.4165,25.7372,107.301605,68.87532,37.173077,57.570385,62.114201
01/09/2015,102.389992,82.220001,511.890015,14.320333,25.983892,132.433594,22.551006,95.805756,89.900002,608.419983,103.540504,26.683771,82.646431,53.287121,34.35141,87.36879,42.746681,40.432808,103.260002,33.433399,81.986504,26.619904,62.520218,25.075296,107.589119,67.401352,35.153233,58.061989,61.953758
01/10/2015,110.930237,88.660004,625.900024,15.472969,28.606033,144.846054,24.784628,106.623749,101.970001,710.809998,111.411659,29.977188,89.445831,56.153805,36.574932,95.968002,47.715111,48.088177,108.379997,35.951096,89.535431,28.662374,66.378838,25.791077,109.703125,75.064552,37.875977,51.256454,68.944901
01/11/2015,109.816284,91.459999,664.799988,16.072336,27.920908,147.869064,23.598886,106.370651,104.239998,742.599976,120.638893,30.782825,89.63176,58.698101,36.808113,95.092667,46.274746,49.650314,123.330002,36.21479,87.756798,27.772503,65.624962,26.285101,104.980812,76.448166,37.197624,52.689198,68.044983
01/12/2015,98.129669,93.940002,675.890015,15.519072,25.888548,148.324722,23.520941,98.505562,104.660004,758.880005,119.17012,30.714378,91.612457,58.1259,37.386284,94.548828,46.108894,51.024227,114.379997,33.947304,87.546539,27.578041,69.632271,26.862793,109.572716,75.17038,37.827827,54.892044,65.51976
01/01/2016,90.746178,89.129997,587,13.075312,25.558229,138.791519,20.602478,90.400734,112.209999,742.950012,113.823624,27.656315,93.146477,52.377575,37.351475,86.459366,44.614307,50.665543,91.839996,33.742859,87.612762,26.048777,71.631538,28.150904,107.726097,72.204269,40.896942,59.920837,65.435707
01/02/2016,90.140213,85.150002,552.52002,11.577291,26.602806,137.790482,22.848913,90.117691,106.919998,697.77002,112.339272,26.381374,93.833183,49.893093,37.534229,84.57946,44.209282,46.793667,93.410004,34.320541,86.306961,25.348219,71.017464,29.251614,111.411743,70.168701,42.029621,59.902771,67.36895
01/03/2016,102.158356,93.800003,593.640015,12.501996,28.146536,145.116898,24.847538,93.693352,114.099998,744.950012,120.765594,29.095947,97.199219,52.480804,40.371281,91.955353,46.586594,51.158993,102.230003,38.174381,90.418495,25.577169,72.804176,31.009079,120.579132,74.431992,44.805096,61.844154,70.898094
01/04/2016,87.864235,94.220001,659.590027,13.51492,27.999071,136.414291,23.992235,97.419945,117.580002,693.01001,121.848305,27.234171,100.684746,56.007893,39.291607,94.378304,48.70837,46.19408,90.029999,37.194595,91.491089,28.226358,70.867104,30.732004,123.688011,75.171616,42.203606,60.828354,74.977768
01/05/2016,93.600647,99.470001,722.789978,13.728414,29.299774,137.408859,25.585606,93.608437,118.809998,735.719971,120.237503,28.412395,101.232735,58.270561,39.116196,93.505959,49.969608,49.09338,102.57,37.651691,89.900497,29.94359,72.267593,31.377563,125.557251,76.826111,42.615608,64.385086,75.503632
01/06/2016,90.153221,95.790001,715.619995,12.317511,30.174599,145.047287,25.268539,92.287613,114.279999,692.099976,116.807671,29.755508,109.745323,55.476215,39.756439,85.861664,51.168667,47.729782,91.480003,38.335411,94.139137,30.655773,75.504646,34.631527,132.630234,72.311646,46.751587,66.909019,80.175171
01/07/2016,98.272682,97.860001,758.809998,13.495568,31.128117,154.44989,26.889112,90.523369,123.940002,768.789978,126.458565,31.624298,113.300957,57.109982,38.55891,92.862419,52.526577,52.869335,91.25,38.438442,97.51297,32.118469,76.325058,34.695644,135.121353,76.094444,46.391575,66.863213,76.078316
01/08/2016,100.055,102.309998,769.159973,15.032331,30.334967,149.711655,27.942854,89.765015,126.120003,767.049988,122.689682,32.558693,107.972038,60.730537,38.382164,94.421028,56.224751,53.596901,97.449997,38.749039,95.570244,30.298807,78.468536,33.130959,128.374771,78.873047,44.25518,65.461258,74.530228
01/09/2016,107.186554,108.540001,837.309998,14.643795,30.836979,141.241898,28.19171,88.244537,128.270004,777.289978,118.316933,34.505634,107.590302,59.911797,37.401173,99.44352,55.88448,54.062355,98.550003,36.925331,98.067459,29.734221,80.661461,32.912136,132.101883,80.767868,43.95919,66.536728,75.28656
01/10/2016,107.651123,107.510002,789.820007,15.439146,28.735945,136.944717,27.267384,88.082977,130.990005,784.539978,112.184097,31.87315,105.64122,62.314026,37.778019,104.573509,52.965874,56.239861,124.870003,36.116886,96.651955,27.837975,78.010193,29.81624,133.972687,80.582314,40.677902,64.599304,71.870689
01/11/2016,104.78775,102.809998,750.570007,19.762106,32.445,139.019211,26.72208,94.193405,118.419998,758.039978,118.978966,31.717768,101.369682,72.654205,35.951485,100.051514,55.193832,56.558979,117,37.927139,90.250557,28.215467,74.681419,31.688675,150.078232,75.513557,42.680996,64.977562,75.303795
01/12/2016,110.376678,102.949997,768.659973,21.685604,32.230289,148.73674,27.080521,99.039902,115.050003,771.820007,123.936684,33.403847,105.655914,77.475471,37.737988,101.079437,53.101173,58.717522,123.800003,36.28511,95.032692,28.106752,76.148613,33.124222,152.312744,76.357567,45.657551,63.768974,78.546463
01/01/2017,115.646774,113.379997,823.47998,21.26297,35.342262,152.303986,27.528584,105.960678,130.320007,796.789978,127.171875,33.910385,103.858459,76.696121,37.35162,104.094711,56.344505,61.089279,140.710007,37.851654,94.260658,28.133348,79.336578,34.584377,154.273315,80.947617,41.919743,62.013908,73.003128
01/02/2017,130.551743,118.339996,845.039978,23.178896,35.070465,164.594223,30.89213,105.424408,135.539993,823.210022,133.947403,33.339382,112.075424,82.578964,37.702045,108.361938,59.871143,60.456188,142.130005,40.349426,100.255264,30.252439,83.132401,34.679291,157.394943,86.066208,42.903515,65.907211,70.766663
01/03/2017,137.501846,130.130005,886.539978,22.155191,35.229797,156.197922,30.548685,108.584564,142.050003,829.559998,135.722107,33.456799,114.977173,80.045654,38.133331,110.333786,57.753349,62.609928,147.809998,42.263157,101.599525,30.641256,82.018738,34.480122,156.091095,87.14193,42.142776,66.975777,72.019707
01/04/2017,137.492264,133.740005,924.98999,21.987217,36.729336,165.354248,30.792713,110.700897,150.25,905.960022,145.168961,33.531006,113.980186,79.28019,39.113495,114.110649,57.062374,65.081627,152.199997,42.594749,103.59597,30.38151,79.718384,32.886818,167.05661,89.446236,39.687691,70.369904,71.70356
01/05/2017,146.211731,141.860001,994.619995,21.111115,39.237293,168.064789,28.745289,103.365532,151.460007,964.859985,142.760345,33.493908,118.392799,75.724319,41.216476,120.783119,59.607433,66.393517,163.070007,43.187393,106.879082,29.243994,81.027512,32.355934,167.343185,93.378265,40.799412,73.571098,70.693665
01/06/2017,138.415375,141.440002,968,22.928953,36.63026,155.440491,28.535599,101.747154,150.979996,908.72998,143.482437,31.528423,122.932129,84.250801,40.654469,119.377502,58.673622,65.90403,149.410004,47.706902,106.342453,30.37715,80.162895,31.684122,177.125092,92.119621,39.06736,71.311958,71.565117
01/07/2017,142.942078,146.490005,987.780029,22.796638,38.22562,154.060364,28.672352,105.271187,169.25,930.5,139.928131,33.145027,123.331711,84.619514,41.893814,125.619156,58.911388,69.50853,181.660004,47.507088,107.373756,29.988276,83.538651,32.75061,183.985916,97.797295,42.339012,75.373199,70.953453
01/08/2017,157.617828,155.160004,980.599976,22.579252,38.376823,152.340088,29.639584,97.632111,171.970001,939.330017,140.180649,32.771244,123.006477,84.241516,41.628777,131.264404,58.892944,71.487656,174.710007,48.068314,106.563446,30.675583,85.537857,31.86701,190.786728,101.687157,42.512722,73.564018,67.664635
01/09/2017,148.703979,149.179993,961.349976,24.072201,36.363956,160.18866,30.946268,95.094833,170.869995,959.109985,153.890274,35.851074,121.581924,88.523582,41.135265,139.043747,59.049713,71.599403,181.350006,46.177288,103.322052,32.600689,84.341988,33.321693,187.86113,103.543198,43.859795,74.093117,73.377625
01/10/2017,163.09967,175.160004,1105.280029,26.019638,34.048691,157.058807,31.424772,94.361626,180.059998,1016.640015,155.979004,42.827343,130.372574,93.250526,42.356125,146.498154,51.172554,79.952187,196.429993,48.612701,102.209366,32.016254,80.04052,28.62587,202.410202,108.206772,42.424084,82.788193,74.603867
01/11/2017,165.810959,181.470001,1176.75,26.760612,35.623882,179.825882,33.302017,101.124474,177.179993,1021.409973,169.18898,42.215385,130.297745,97.440788,42.162678,148.401962,51.339756,80.903763,195.509995,47.040203,108.041695,33.112072,84.048981,31.336899,203.286423,110.774681,45.641582,92.194443,74.550163
01/12/2017,163.869995,175.240005,1169.469971,28.162571,38.005768,182.012177,35.54813,103.719643,176.460007,1046.400024,179.228302,43.715664,131.462616,99.696892,42.610512,149.279755,52.268639,82.633545,191.960007,45.333473,111.965698,33.377781,85.814209,33.490341,212.986496,112.380394,47.471184,93.635727,75.556274
01/01/2018,162.127014,199.759995,1450.890015,30.528532,40.35918,190.569092,38.555344,105.682114,186.889999,1169.939941,189.980286,45.590816,130.023041,107.835609,44.198658,166.677292,55.504883,91.781754,270.299988,49.46603,112.320511,34.133434,80.639946,32.258572,228.753265,122.443581,48.493618,101.61187,78.862549
01/02/2018,172.478439,209.130005,1512.449951,30.623936,34.497868,186.686691,41.872555,100.323616,178.320007,1104.72998,172.362915,46.67992,122.20417,108.238037,40.140068,173.61731,50.792828,90.583893,291.380005,48.773102,102.451622,33.460716,73.894966,31.682135,218.493271,121.172127,43.304127,85.798172,68.419807
01/03/2018,163.128311,216.080002,1447.339966,28.61096,32.554317,184.764297,40.105267,97.678398,159.789993,1031.790039,168.551956,49.656803,121.348495,103.05574,40.335106,173.024628,51.027016,88.583,295.350006,44.0373,101.910088,33.008053,74.610207,31.114826,206.745468,118.105148,43.376686,84.806839,68.088219
01/04/2018,160.678177,221.600006,1566.130005,28.651285,29.905775,193.324478,41.414371,97.571426,172,1017.330017,175.752029,49.218201,119.776611,101.940552,40.485035,176.09671,55.631161,90.766754,312.459991,43.960289,94.941162,34.049728,68.078979,28.540102,229.142288,125.273178,44.764523,84.823418,70.953751
01/05/2018,181.689041,249.279999,1629.619995,27.808603,29.875044,194.383453,40.258003,96.735069,191.779999,1084.98999,177.416351,52.631626,113.271225,100.790375,40.28828,188.069687,56.254856,95.930138,351.600006,45.157177,94.292168,33.417286,69.497482,28.609934,234.095428,129.064575,43.784706,79.146782,74.138672
01/06/2018,180.671844,243.809998,1699.800049,27.10494,31.436825,205.51207,40.559635,101.928246,194.320007,1115.650024,186.586578,47.670624,115.75209,98.143684,41.094044,194.40065,57.360485,96.12175,391.429993,42.586155,103.341667,34.072186,74.142052,28.42404,237.807816,130.982773,46.209541,82.646347,76.263695
01/07/2018,185.727646,244.679993,1777.439941,29.691397,34.28252,215.080597,39.862122,110.43766,172.580002,1217.26001,188.90097,46.126663,126.417244,108.268875,44.078457,195.8647,62.727108,103.403252,337.450012,46.08506,109.160393,37.50008,76.820503,28.300108,246.314117,135.225281,47.431137,86.100807,75.139053
01/08/2018,222.172409,263.51001,2012.709961,29.739475,35.648315,229.261307,45.378464,109.815689,175.729996,1218.189941,192.009109,46.44313,128.48732,108.506859,42.13118,213.503738,65.317322,109.495544,367.679993,47.139133,106.322227,38.99332,79.501846,28.712856,261.138458,145.262848,50.517601,92.498291,73.903778
01/09/2018,221.100433,269.950012,2003,28.326056,34.125626,231.555664,46.214409,114.638885,164.460007,1193.469971,199.126221,45.625694,132.68544,106.859077,43.662537,220.486481,67.555191,111.913086,374.130005,50.030746,106.122887,41.740551,79.770203,30.187157,258.784515,148.650482,49.60704,91.142998,79.18309
01/10/2018,214.361847,245.759995,1598.01001,26.569317,36.756607,225.394119,43.459591,112.570404,151.789993,1076.77002,169.067459,45.230122,134.433197,103.241554,45.645042,195.784378,70.57608,104.515488,301.779999,47.391418,107.555779,40.783939,84.993652,27.580166,255.08017,136.527893,53.044884,97.325287,74.209702
01/11/2018,174.909714,250.889999,1690.170044,27.438856,37.79723,228.006622,45.780891,113.217415,140.610001,1094.430054,173.335464,47.574604,141.068909,106.033913,48.047421,199.382584,76.069901,108.507858,286.130005,47.504292,116.705391,43.786377,91.381935,28.501369,274.610107,140.350876,56.647755,94.772789,74.042061
01/12/2018,155.037109,226.240005,1501.969971,23.806107,32.991425,201.304199,41.439026,107.49234,131.089996,1035.609985,166.152695,45.563309,124.716644,93.093178,45.496727,187.066788,73.260666,99.817421,267.660004,43.987263,105.737343,41.661781,88.877655,26.038063,243.920502,130.909195,52.814873,90.405373,64.152336
01/01/2019,163.587997,247.820007,1718.72998,27.66021,35.630165,212.095215,45.226208,110.173546,166.690002,1116.369995,177.476425,45.74778,128.611328,98.700508,46.246197,209.35817,71.862526,102.628075,339.5,48.936432,108.689568,40.516441,93.277061,27.424812,264.560547,133.9552,51.725132,93.513947,68.940933
01/02/2019,170.183029,262.5,1639.829956,28.252861,37.676197,216.156693,49.894051,111.477608,161.449997,1119.920044,179.03334,51.417706,132.051773,100.328835,43.565399,223.268967,78.485893,110.096939,358.100006,50.988583,111.554642,41.736805,96.042091,28.862473,237.164536,146.962784,54.030083,96.59758,74.350464
01/03/2019,187.495865,266.48999,1780.75,26.942099,38.95253,239.92662,52.033607,109.689461,166.690002,1173.310059,185.560699,52.466637,135.991974,97.31974,45.025909,233.877655,80.301033,116.399963,356.559998,52.533985,119.179169,40.889553,101.40213,29.085062,242.099335,155.240204,56.127884,95.172859,76.859604
01/04/2019,198.077362,289.25,1926.52002,29.861881,42.411301,243.285645,53.922585,135.316269,193.399994,1188.47998,198.447952,49.867725,137.363678,111.567276,47.551323,252.542175,76.51059,128.894653,370.540009,54.118515,124.527885,39.09877,103.770294,28.714079,229.076523,163.430084,54.286373,100.894508,76.36496
01/05/2019,172.808105,270.899994,1775.069946,25.975346,40.155514,237.39003,50.462112,130.445786,177.470001,1103.630005,184.955063,43.0285,127.586746,102.646507,47.619167,250.159409,76.996613,122.06501,343.279999,49.713726,124.479256,39.974907,100.999046,28.815361,237.656952,160.348969,52.121655,99.520996,67.318733
01/06/2019,196.115219,294.649994,1893.630005,28.318987,41.409149,262.551575,53.080753,137.954025,193,1080.910034,202.607849,47.056965,136.422974,108.303879,49.354122,263.130432,81.50695,132.70018,367.320007,55.97216,127.523163,42.077835,107.613884,31.576281,239.829071,172.759949,54.787678,108.975624,73.728493
01/07/2019,211.097366,298.859985,1866.780029,30.12142,42.280815,273.848083,53.730564,141.28334,194.229996,1216.680054,209.640625,49.691444,127.54882,112.372536,51.409752,270.829468,81.209778,134.988449,322.98999,55.313892,125.204521,37.726295,115.848091,32.085121,245.82724,177.189697,53.003937,108.867134,71.544441
01/08/2019,206.836563,284.51001,1776.290039,27.009134,43.562557,292.854401,45.685925,136.442535,185.669998,1188.099976,223.591141,46.604774,125.726967,107.178001,53.763874,280.221069,84.61512,136.563492,293.75,51.355202,133.942688,34.530632,118.761475,33.72752,231.009079,179.996872,56.362045,112.693962,65.887085
01/09/2019,222.770889,276.25,1735.910034,28.63891,44.36964,286.880554,48.223492,129.543869,178.080002,1219,227.623276,50.996807,127.675644,114.816841,53.177788,270.461121,82.374245,138.181091,267.619995,54.284992,134.305145,35.226242,122.860779,36.195385,214.542282,171.474014,58.494038,117.629562,68.781151
01/10/2019,247.428162,277.929993,1776.660034,30.903025,44.113735,295.842163,46.369114,129.146255,191.649994,1260.109985,231.5401,55.945072,130.300598,121.870331,53.556744,275.679688,85.364616,142.494583,287.410004,53.752304,135.302307,37.61845,122.989197,36.817135,250.646515,178.302689,58.600636,116.222137,65.819885
01/11/2019,265.819183,309.529999,1800.800049,32.928967,43.657669,299.17923,44.556889,150.677261,201.639999,1304.959961,217.65242,57.449345,135.678818,129.573059,52.543274,291.390045,85.876839,150.455688,314.660004,55.626961,133.98056,37.765514,121.339195,36.248623,277.595703,183.935089,58.985184,118.035934,66.365379
01/12/2019,292.954712,329.809998,1847.839966,34.806671,44.468525,293.301636,47.162842,143.768646,205.25,1337.02002,215.550034,59.556702,144.945724,137.086258,54.868797,297.731781,89.590477,157.270432,323.570007,52.495842,134.809113,38.783821,124.162422,37.897167,291.591064,187.62825,60.121017,117.788139,68.792389
01/01/2020,308.777191,351.140015,2008.719971,32.621849,42.708374,304.877197,45.205921,138.309998,201.910004,1434.22998,226.584061,63.616711,147.926712,130.163101,57.892284,315.031891,84.739952,169.766296,345.089996,51.970688,141.06749,36.863441,123.884079,36.481358,271.274963,198.682251,58.201843,113.985641,61.240799
01/02/2020,272.712769,345.119995,1883.75,28.319302,40.167984,280.548523,39.554974,117.650002,192.470001,1339.329956,216.392242,55.247925,133.627899,114.915863,53.024971,289.80188,75.932709,161.568695,369.029999,49.226147,131.144485,33.419998,113.230003,34.611145,253.860382,181.497131,53.583729,107.205643,50.711956
01/03/2020,254.289993,318.23999,1949.719971,21.095396,34.157196,285.130005,38.940796,96.599998,166.800003,1162.810059,185.469131,54.119999,131.130005,89.10408,43.865299,241.187042,76.309601,157.710007,375.5,48.10149,119.294495,32.639999,110,28.646076,248.304443,161.119995,53.158306,113.119476,37.970001
01/04/2020,284.429993,332.549988,2307.679932,22.190001,37.16,310.269989,41.130039,103.370003,176.970001,1262.469971,198.479996,58.869999,147.660004,89.85627,47.610001,256.743011,82.07,171.880005,426.75,52.908653,135.029999,35.970001,121.220001,29.569826,281.679993,165.960007,56.324257,128.759995,40.48
15/04/2020,284.429993,332.549988,2307.679932,22.190001,37.16,310.269989,41.52,103.370003,176.970001,1262.469971,198.479996,58.869999,147.660004,90.790001,47.610001,257.140015,82.07,171.880005,426.75,53.16,135.029999,35.970001,121.220001,30.09,281.679993,165.960007,56.93,128.759995,40.48